271	<<NULL>>
114	Cámaras
105	Neumáticos
41	Llantas
40	Pastillas
40	Rayos
39	Maza
33	Guantes
30	Cadenas
30	Candados
30	Pedales
30	Shifters
28	Motor
26	Cassette
26	Desviador Trasero
25	Fundas y piolas
23	Ejes
23	Puños
22	Postiza
20	Freewheel
20	Volante
19	Herraduras
19	Pernos/Tornillos/Otros
18	Herramientas
17	Rotores
16	Asiento
16	Lubricantes
16	Tee
15	Desviadores delanteros
15	Juego de dirección
14	Bombines
14	Tija
13	Cascos
13	Luces
13	Manillas
12	Coronas
11	Calipers
11	Collerín
11	Horquillas
9	Manubrios
9	Missinglink
9	Rodamientos
8	Adaptadores
8	Agujas
8	Cubetas
8	Espaciadores
8	Fittings Hidráulicos
8	Servicio
7	Biela Izquierda
7	Grasa/Aceites/Soluciones/Limpiadores
7	Protectores
7	Roldanas
7	Soporte Celular
7	Tubeless
7	Válvula Tubeless
6	Campanillas
6	Conos
6	Mazas
6	Parches
5	Cinta Manillar
5	Porta Caramagiola
4	Cámaras Anti-Pinchazo
4	Canastos
4	Corta Cadena
4	Cubre Asientos
4	Ejes de motor
3	Araña
3	Cubre Cámara
3	Desengrasantes
3	Espaciadores de Cassette
3	Frenos hidráulicos completos
3	Guias de cadena
3	Mochilas
3	Noodles
3	Piñones
3	Rodamientos Motor
3	Souvenirs
3	Tapabarros
3	Volantes
2	Biela Americana
2	Botella de Agua
2	Catalina
2	Gomas V-Brake
2	Grasa
2	Groupset
2	Lentes
2	Líquido Tubeless
2	Niples
2	Pegamento parches
2	Rueda Estabilizadora
1	Abrillantadores/Renovadores
1	Asientos
1	Audífonos
1	Ciclocomputadores
1	Contratuerca
1	Cuerdas
1	Frenos Hidráulicos
1	Fundas
1	Jerseys
1	Kits
1	Líquido Frenos
1	O'rings
1	Pedalines
1	Poleras
1	Reflectantes
1	Regulador tensión frenos
1	Rotor BMX
1	Shock
1	Silicona
1	Tripas Tubeless
